name,cf_url,modrinth_url,github_url,manual_versions,incompat,description,side,notes,type,status
AI Improvements,https://www.curseforge.com/minecraft/mc-mods/ai-improvements,https://modrinth.com/mod/ai-improvements,,,Universal Tweaks,Simplified AI modification mod focused on performance and low-level modifications to AIs in the game,Server,"newer versions (1.14+) don't have as much impact as the older versions have, as a lot of fixes to the AI are already implemented",performance,4
Alternate Current,https://www.curseforge.com/minecraft/mc-mods/alternate-current,https://modrinth.com/mod/alternate-current,,,,An efficient and non-locational redstone dust implementation.,Server,breaks some obscure technical minecraft farms that you likely won't use,performance,4
Better Beds,https://www.curseforge.com/minecraft/mc-mods/better-beds,https://modrinth.com/mod/better-beds,,,,Removes the Block Entity Renderer from the bed and replaces it with the default minecraft model renderer.,Client,,performance,
Better Biome Blend,https://www.curseforge.com/minecraft/mc-mods/better-biome-blend,https://modrinth.com/mod/better-biome-blend,,,,Accelerates the biome color blending algorithm.,Client,compatible with Sodium in versions after 1.18.2-1.3.5,performance,
Better Fps - Render Distance (Forge),https://www.curseforge.com/minecraft/mc-mods/better-fps-render-distance,,,,,Adds a few performance improvements to increase FPS.,Client,"little performance benefit and may break chunkloading, closed source",performance,2
Better Fps - Render Distance (Fabric),https://www.curseforge.com/minecraft/mc-mods/better-fps-render-distance-fabric,,,,,Adds a few performance improvements to increase FPS.,Client,"little performance benefit and may break chunkloading, closed source",performance,2
Canary,https://www.curseforge.com/minecraft/mc-mods/canary,https://modrinth.com/mod/canary,,,Radium Reforged,Unofficial Forge port of Lithium. A general-purpose optimization mod which works to improve a number of systems without changing any behavior,Either,,performance,
Canvas Renderer,https://www.curseforge.com/minecraft/mc-mods/canvas-renderer,https://modrinth.com/mod/canvas,,,Sodium,Advanced Rendering Engine for Fabric,Client,,"performance,utility",
Chunk-Pregenerator,https://www.curseforge.com/minecraft/mc-mods/chunkpregenerator,,,,,Allows you to preemptively generate chunks,Client Optional,closed source,"performance,utility",
Chunky (Fabric),https://www.curseforge.com/minecraft/mc-mods/chunky-pregenerator,https://modrinth.com/mod/chunky,,,,"Pre-generates chunks, quickly and efficiently.",Server,,"performance,utility",
Chunky (Forge),https://www.curseforge.com/minecraft/mc-mods/chunky-pregenerator-forge,https://modrinth.com/mod/chunky,,,,"Pre-generates chunks, quickly and efficiently.",Server,,"performance,utility",
Clumps,https://www.curseforge.com/minecraft/mc-mods/clumps,https://modrinth.com/mod/clumps,,,,Clumps groups XP orbs together into a single entity to reduce lag when there are many in a small area.,Both,only required server-side on 1.17+,performance,
Concurrent Chunk Management Engine,https://www.curseforge.com/minecraft/mc-mods/c2me-fabric,https://modrinth.com/mod/c2me-fabric,,,,Improves the chunk performance of Minecraft.,Client Optional,Alpha (1),performance,3
Cull Clouds,https://www.curseforge.com/minecraft/mc-mods/cullclouds,https://modrinth.com/mod/cullclouds,,,,Adds a small optimization improves clouds building way to not render parts which you cant see to increase fps.,Client,,performance,
Cull Leaves,https://www.curseforge.com/minecraft/mc-mods/cull-leaves,https://modrinth.com/mod/cull-leaves,,,"Cull Less Leaves, More Culling","Adds culling to leaf blocks, providing a huge performance boost over vanilla.",Client,,performance,
Cull Less Leaves,https://www.curseforge.com/minecraft/mc-mods/cull-less-leaves,https://modrinth.com/mod/cull-less-leaves,,,"Cull Leaves, More Culling",improved version of Cull Leaves.,Client,,performance,
Cyclonite,https://www.curseforge.com/minecraft/mc-mods/c3h6n6o6,https://modrinth.com/mod/c3h6n6o6,,,,A mod for entity multithreading.,Both,also known as C3H6N6O6,performance,
DashLoader,https://www.curseforge.com/minecraft/mc-mods/dashloader,https://modrinth.com/mod/dashloader,,,ModernFix,Launches minecraft faster by caching all of the content on first launch and then loading that cache on the next one,Client,Incompatible (2),performance,4
Dimensional Threading,none,https://modrinth.com/mod/dimthread,,,,"Optimizes the processing of multiple Dimensions, by assigning them independent threads",Either,Incompatible (2),performance,3
Dynamic FPS,https://www.curseforge.com/minecraft/mc-mods/dynamic-fps,https://modrinth.com/mod/dynamic-fps,,,,Automatically reduces rendering speed when minecraft is not focused (to 1 FPS) or hidden (no renders at all). Fixes a Vanilla bug that makes it take much more performance in the background than it should.,Client,,"performance,bugfix",
Dynamic View (Forge),https://www.curseforge.com/minecraft/mc-mods/dynamic-view,,,,APTweaks,This is a small/light serverside utility mod to help balancing lag (TPS) and chunk view/load distance.,Server,likely causes more lag and may hide TPS issues,performance,2
Dynamic View (Fabric),https://www.curseforge.com/minecraft/mc-mods/dynamic-view-fabric,,,,APTweaks,This is a small/light serverside utility mod to help balancing lag (TPS) and chunk view/load distance.,Server,likely causes more lag and may hide TPS issues,performance,2
Enhanced Block Entities,https://www.curseforge.com/minecraft/mc-mods/enhanced-block-entities,https://modrinth.com/mod/ebe,,,,"Aims to increase the performance of block entity rendering, as well as offer customizability via resource packs.",Client,requires Indium to be installed for compatibility with Sodium,performance,
Entity Collision FPS Fix (Fabric),https://www.curseforge.com/minecraft/mc-mods/entity-collision-fps-fix-fabric,https://modrinth.com/mod/entity-collision-fps-fix,,,,skips collision checks on the client's render thread because these checks are already handled by the server.,Client,,performance,
Entity Collision FPS Fix (Forge),https://www.curseforge.com/minecraft/mc-mods/entity-collision-fps-fix,https://modrinth.com/mod/entity-collision-fps-fix,,,,skips collision checks on the client's render thread because these checks are already handled by the server.,Client,,performance,
Entity Culling,https://www.curseforge.com/minecraft/mc-mods/entityculling,https://modrinth.com/mod/entityculling,,,,Uses async path-tracing to skip rendering entities that are not visible.,Client,,performance,
Exordium,https://www.curseforge.com/minecraft/mc-mods/exordium,https://modrinth.com/mod/exordium,,,"Vulkan Renderer, Caxton, Inventorio, MiniHUD, Canvas, Title Fixer",Render the GUI and screens at a lower framerate to speed up worldrendering.,Client,incompatible with some mods with their own GUI elements,performance,3
Fabric Chunk Pregenerator,https://www.curseforge.com/minecraft/mc-mods/chunk-pregenerator-fabric,https://modrinth.com/mod/fabricquilt-chunk-pregenerator,,,,Allows you to pregenerate chunks for your server or for singleplayer,Server,,"performance,utility",
FastChest,https://www.curseforge.com/minecraft/mc-mods/fastchest,,,,,Removes dynamic models from chests and making them render as static chunk geometry.,Client,,performance,
FastFurnace,https://www.curseforge.com/minecraft/mc-mods/fastfurnace,,,,,"Similar to FastWorkbench, it caches the last recipe used, and checks this recipe first before re-scanning the entire registry.",Server,,performance,
Fastload,https://www.curseforge.com/minecraft/mc-mods/fastload,https://modrinth.com/mod/fastload,,,"ForceCloseLoadingScreen, Ksyxis, MCMT, MidnightControls","Fastload, is a simple mod that reduces world loading time. This serves as an alternative to ksyxis, which uses an unsafe method of cutting down time.",Either,incompatible with some mods,performance,4
FastSuite,https://www.curseforge.com/minecraft/mc-mods/fastsuite,,,,,"FastSuite is a mod about improving recipe performance, it improves upon all mods that use the JSON recipe system, rather than just a specific subset of recipes",Server,,performance,
FastWorkbench,https://www.curseforge.com/minecraft/mc-mods/fastworkbench,,,,,This is a mod aimed at improving performance of all crafting-related functions.,Server,,performance,
FerriteCore (Forge),https://www.curseforge.com/minecraft/mc-mods/ferritecore,https://modrinth.com/mod/ferrite-core,,,,This mod reduces the memory usage of Minecraft in a few different ways,Either,,performance,
FerriteCore (Fabric),https://www.curseforge.com/minecraft/mc-mods/ferritecore-fabric,https://modrinth.com/mod/ferrite-core,,,,This mod reduces the memory usage of Minecraft in a few different ways,Either,,performance,
FixMySpawnR,https://www.curseforge.com/minecraft/mc-mods/fixmyspawnr,,,,,Claims to reduce about half of the tps lag caused by mobspawners.,Server,Requires using a redstone signal to power the mob spawner for a mob farm,performance,3
ForgetMeChunk,https://www.curseforge.com/minecraft/mc-mods/forgetmechunk,https://modrinth.com/mod/forgetmechunk,,,,Fixes the large lag spikes you sometimes get when crossing a chunk border,Client,causes a memory leak that is only reset by changing dimension or leaving the world,performance,3
It Shall Not Tick (ISNT),https://www.curseforge.com/minecraft/mc-mods/it-shall-not-tick,https://modrinth.com/mod/it-shall-not-tick-(isnt),,,,Limits entity ticking to within a configurable range of players.,Both,breaks vanilla mob farms,performance,3
Krypton,https://www.curseforge.com/minecraft/mc-mods/krypton,https://modrinth.com/mod/krypton,,,,Implements a suite of optimizations focused on the Minecraft networking stack.,Either,,performance,
Krypton Reforged,https://www.curseforge.com/minecraft/mc-mods/krypton-reforged,,,,Pluto,Implements a suite of optimizations focused on the Minecraft networking stack.,Either,Consider using Pluto instead,performance,3
Ksyxis,https://www.curseforge.com/minecraft/mc-mods/ksyxis,https://modrinth.com/mod/ksyxis,,,Fastload,Speeds up your world loading by skipping vanilla's unnecessary 441 chunk loading-unloading on every login.,Either,Use Fastload instead,performance,1
Lazy Language Loader,https://www.curseforge.com/minecraft/mc-mods/lazy-language-loader,https://modrinth.com/mod/lazy-language-loader,,,,Improves loading times when changing your language by only reloading the language instead of all the game resources!,Client,,performance,
LazyDFU (Fabric),https://www.curseforge.com/minecraft/mc-mods/lazydfu,https://modrinth.com/mod/lazydfu,,,,"makes the initialization of DataFixerUpper ""lazy""",Either,client-side only in 1.19+; unnecessary in 1.19.4+,performance,
LazyDFU (Forge),https://www.curseforge.com/minecraft/mc-mods/lazy-dfu-forge,none,,,Mods that remove the DFU,"makes the initialization of DataFixerUpper ""lazy""",Either,client-side only in 1.19+; unnecessary in 1.19.4+,performance,
Lithium,https://www.curseforge.com/minecraft/mc-mods/lithium,https://modrinth.com/mod/lithium,,,,A general-purpose optimization mod which works to improve a number of systems without changing any behavior,Either,no longer available on Curseforge,performance,
Log Begone,https://www.curseforge.com/minecraft/mc-mods/log-begone,https://modrinth.com/mod/log-begone,,,,Allows you to remove annoying logs. Can also help with performance if there is a lot of log spam,Server,configuration needed,"performance,utility",
MCMT-Fabric,https://www.curseforge.com/minecraft/mc-mods/mcmtfabric,https://modrinth.com/mod/mcmtfabric,,,"Carpet, Dimensional Threading, C2ME, Lithium, VMP",Attempts to multithread minecraft's tick execution.,Server,Corruption (1),performance,3
MCMTFabricCE,https://www.curseforge.com/minecraft/mc-mods/mcmtfabricce,https://modrinth.com/mod/mcmtce,,,"Carpet, Dimensional Threading, C2ME, Ksyxis",Attempts to multithread minecraft's tick execution.,Server,Corruption (1),performance,3
MemoryLeakFix,https://www.curseforge.com/minecraft/mc-mods/memoryleakfix,https://modrinth.com/mod/memoryleakfix,,,,"Fixes multiple memory leaks, both server-side & client-side.",Either,no longer available on Curseforge,performance,
Mipmaplevel and Language Fix,,https://modrinth.com/mod/mipmaplevelandlanguagefix,,,,"Makes changing mipmap levels and language faster, by only reloading the respective part of the game instead of doing a full reload.",Client,,performance,
More Culling,https://www.curseforge.com/minecraft/mc-mods/moreculling,https://modrinth.com/mod/moreculling,,,"Cull Leaves, Cull Less Leaves, MultiPartLib ",changes how blockstate culling is handled in order to improve performance,Client,no longer available on Curseforge; see MoreCulling#31 for more compatibility info,performance,
Observable,https://www.curseforge.com/minecraft/mc-mods/observable,https://modrinth.com/mod/observable,,,,Shows what's lagging your world/server by profiling (tile) entities.,Both,,utility,
Particle Blocker,https://www.curseforge.com/minecraft/mc-mods/particle-blocker,https://modrinth.com/mod/particles,,,,Adds a GUI to pick and choose particles to not render.,Client,,performance,
Phosphor (Fabric),https://www.curseforge.com/minecraft/mc-mods/phosphor,https://modrinth.com/mod/phosphor,,,Starlight,Optimizes the lighting engine,Either,Starlight usually has better performance,performance,4
Pluto,https://www.curseforge.com/minecraft/mc-mods/pluto,https://modrinth.com/mod/pluto,,,Krypton Reforged,Unofficial Forge port of Krypton. This mod aims to optimize the network stack of the game in order to provide better network performance.,Either,,performance,
Radium Reforged,https://www.curseforge.com/minecraft/mc-mods/radium-reforged,,,,Canary,Unofficial Forge port of Lithium. A general-purpose optimization mod which works to improve a number of systems without changing any behavior,Either,Consider using Canary instead,performance,3
Radon,https://www.curseforge.com/minecraft/mc-mods/radon,https://modrinth.com/mod/radon,,,Starlight,Unofficial Forge port of Phosphor. Optimizes the lighting engine,Either,Starlight usually has better performance,performance,4
Recipe Cache,https://www.curseforge.com/minecraft/mc-mods/recipe-cache,,,,"FastFurnace, FastBench (?)",Caches recipe lookup for crafting and furnaces to lessen server lag caused by crafting stacks of items and large amounts of furnaces ticking,Server,,performance,
Rubidium,https://www.curseforge.com/minecraft/mc-mods/rubidium,https://modrinth.com/mod/rubidium,,,"Magnesium, Optifine","Unofficial Forge port of Sodium. FOSS rendering engine replacement that greatly improves frame rates, reduces micro-stutter, and fixes graphical issues.",Client,"incompatibilities with some mods, use Embeddium instead",performance,1
Saturn,https://www.curseforge.com/minecraft/mc-mods/saturn,https://modrinth.com/mod/saturn,,,,Removes the biome temperature cache to save memory,Either,"Already included in ModernFix, MemoryLeakFix, and Lithium ports",performance,1
ServerCore,https://www.curseforge.com/minecraft/mc-mods/servercore,https://modrinth.com/mod/servercore,,,,Aims to optimize & add multiplayer features to the minecraft server.,Server,,performance,
Simply No Shading,https://www.curseforge.com/minecraft/mc-mods/simply-no-shading,https://modrinth.com/mod/simply-no-shading,,,,"Mimics OptiFine's Internal Shader with Old Lighting OFF by default. Benefits are less lag as this mod is not a shader, stability, and compatibility with other mods.",Client,,performance,
Smoke Suppression,https://www.curseforge.com/minecraft/mc-mods/smoke-suppression,https://modrinth.com/mod/smoke-suppression,,,,Prevents client-side lag and general annoyance when using large numbers of campfires in farms.,Client,,performance,
Smooth Boot (Fabric),https://www.curseforge.com/minecraft/mc-mods/smooth-boot,https://modrinth.com/mod/smoothboot-fabric,,,,Optimizes loading performance to be smoother on low end systems and scale better on high end systems.,Either,"caps the number of worker threads, so on CPUs with lots of cores it might make launching slower.",performance,4
Smooth Boot (Reloaded),https://www.curseforge.com/minecraft/mc-mods/smooth-boot-reloaded,https://modrinth.com/mod/smooth-boot-reloaded,,,,Optimizes loading performance to be smoother on low end systems and scale better on high end systems.,Either,"caps the number of worker threads, so on CPUs with lots of cores it might make launching slower.",performance,4
Smooth Chunk Save,https://www.curseforge.com/minecraft/mc-mods/smooth-chunk-save,,,,,"Saves chunks continuously over time, reducing server lag and preventing lagspikes from saving too many chunks at once.",Server,closed source,performance,
Sodium,https://www.curseforge.com/minecraft/mc-mods/sodium,https://modrinth.com/mod/sodium,,,,"FOSS rendering engine replacement that greatly improves frame rates, reduces micro-stutter, and fixes graphical issues.",Client,no longer available on Curseforge; install Indium for compatibility with mods that use the FRAPI,performance,
Starlight (Fabric),https://www.curseforge.com/minecraft/mc-mods/starlight,https://modrinth.com/mod/starlight,,,,rewrites the light engine to fix lighting performance and lighting errors,Either,"far less effective in 1.20+ (especially on the client-side), as the Vanilla lighting engine was rewritten to be much faster",performance,
Starlight (Forge),https://www.curseforge.com/minecraft/mc-mods/starlight-forge,https://modrinth.com/mod/starlight,,,,rewrites the light engine to fix lighting performance and lighting errors,Either,"far less effective in 1.20+ (especially on the client-side), as the Vanilla lighting engine was rewritten to be much faster",performance,
Very Many Players,https://www.curseforge.com/minecraft/mc-mods/vmp-fabric,https://modrinth.com/mod/vmp-fabric,,,,improves general server performance at high playercount without sacrificing vanilla functionality.,Client Optional,,performance,
Vulkan Renderer,https://www.curseforge.com/minecraft/mc-mods/vulkanmod,https://modrinth.com/mod/vulkanmod,,,"Sodium, Twilight Forest, AppleSkin, many more",rewrites Minecraft OpenGL renderer to use Vulkan API.,Client,See VulkanMod#226,performance,3
FastBench for Fabric,https://www.curseforge.com/minecraft/mc-mods/fastbench-for-fabric,,,,Recipe Cache,Improves performance of all crafting-related functions.,Server,,performance,
Fast Furnace for Fabric,https://www.curseforge.com/minecraft/mc-mods/fast-furnace-for-fabric,,,,Recipe Cache,Improves performance of all crafting-related functions.,Server,,performance,
No Mob Generation,,https://modrinth.com/mod/nomobgeneration,,,,Prevents animals from spawning in new chunks when the mobcap is full,Server,changes vanilla mob spawning behavior,performance,3
"Get It Together, Drops!",https://www.curseforge.com/minecraft/mc-mods/get-it-together-drops,https://modrinth.com/mod/get-it-together-drops,,,,This mod adds two configuration options to control how dropped items combine on the ground. This can significantly improve performance in areas with lots of dropped items,Server,,performance,
Magnesium,https://www.curseforge.com/minecraft/mc-mods/sodium-reforged,,,,"Optifine, Halogen, Rubidium","Unofficial Forge port of Sodium. FOSS rendering engine replacement that greatly improves frame rates, reduces micro-stutter, and fixes graphical issues in Minecraft.",Client,Use Rubidium instead,performance,1
Entity Distance,,https://modrinth.com/mod/entity-distance,,,,Allows the user to adjust the (client) distance at which different entities render,Client,,performance,
Hydrogen,,https://modrinth.com/mod/hydrogen,,,,Reduces the memory usage of the game in more modded scenarios,Either,Consider using FerriteCore instead,performance,3
Resolution Control+,https://www.curseforge.com/minecraft/mc-mods/resolutioncontrol,https://modrinth.com/mod/resolution-control-plus,,,,Allows you to change Minecraft's render resolution separately from the HUD elements.,Client,,performance,
Angerable Patch,https://www.curseforge.com/minecraft/mc-mods/angerable-patch,,,,,"Fixes MC-192362 / MC-189565, which causes drastically large log file sizes and lag",Client,,performance,
Overworld Two,https://www.curseforge.com/minecraft/mc-mods/overworld-two,,,,,Generates overworld and nether terrain much faster than vanilla minecraft at the cost of breaking parity,Server,breaks Vanilla seed parity,performance,3
APTweaks,https://www.curseforge.com/minecraft/mc-mods/adaptive-performance-tweaks,,,,Dynamic View,Automatically adjusts specific settings on the server and client side to allow a balanced TPS/FPS.,Server,likely causes more lag and may hide TPS issues,performance,2
DataFixerSlayer,https://www.curseforge.com/minecraft/mc-mods/datafixerslayer,,,,Any other mod that also removes DFU,Prevents the DataFixerUpper (DFU) system from loading,Prevents the DataFixerUpper (DFU) system from loading,Use LazyDFU instead,performance,1
Does It Tick?,https://www.curseforge.com/minecraft/mc-mods/does-it-tick,,,,Performant,Limits entity ticking outside view distance,Both,breaks vanilla mob farms,performance,3
DrawerFPS,https://www.curseforge.com/minecraft/mc-mods/drawerfps,,,,,Lets you configure the range at which Storage Drawers render items to improve FPS.,Client,,performance,
Entity Culling,https://www.curseforge.com/minecraft/mc-mods/entity-culling,none,,,"Pixelmon, Sync",Skips rendering of hidden (tile-)entities.,Client,,performance,
Halogen,https://www.curseforge.com/minecraft/mc-mods/halogen,,,,"Optifine, Magnesium, Rubidium","Unofficial Forge port of Sodium. FOSS rendering engine replacement that greatly improves frame rates, reduces micro-stutter, and fixes graphical issues in Minecraft.",Client,Use Rubidium instead,performance,1
Helium,https://www.curseforge.com/minecraft/mc-mods/hydrogen-reforged,,,,Create,Unofficial Forge port of Hydrogen. Reduces the memory usage of the game in more modded scenarios,Either,Consider using FerriteCore instead,performance,3
MCMT,https://www.curseforge.com/minecraft/mc-mods/mcmt-multithreading,none,,,"Immersive Portals, Performant, Clumps, Lycanites Mobs ","Dispaches all worlds, entities, tile entites and environment ticks to a thread pool, allowing for parallel execution",Server,Corruption (1),performance,3
Out of Sight,https://www.curseforge.com/minecraft/mc-mods/out-of-sight,,,,Rubidium,stops modded tile entities from rendering if they are further than 24 blocks away,Client,obvious pop-in of tile entities as you get closer to them,performance,3
Performant,https://www.curseforge.com/minecraft/mc-mods/performant,,,,"Botania, IE, Bewitchment, Resourceful Bees, many more",improves performance and blocklag.,Server,"closed source, breaks many mods, may hide TPS issues",performance,2
RoadRunner,https://www.curseforge.com/minecraft/mc-mods/roadrunner,,,,,Unofficial Forge port of Lithium. A general-purpose optimization mod which works to improve a number of systems without changing any behavior,Server,,performance,
Spawner Bug Fix,https://www.curseforge.com/minecraft/mc-mods/spawner-fix,,,,,addresses a bug which causes lag in mods that create custom spawners.,Client,,performance,
Sulfuric,https://www.curseforge.com/minecraft/mc-mods/phosphor-reforged,,,,,Unofficial Forge port of Phosphor. Optimizes the lighting engine,Either,Starlight usually has better performance,performance,4
AE2 Unofficial Extended Life,https://www.curseforge.com/minecraft/mc-mods/ae2-extended-life,,,,Applied Energistics 2,Fork of Applied Energistics 2 that comes with many bugfixes and performance improvments,Both,,"performance,bugfix",
AnimFix,https://www.curseforge.com/minecraft/mc-mods/animfix,https://modrinth.com/mod/animfix,,,FalseTweaks,Decreases the stuttering caused by animated textures in 1.7.10,Client,Use FalseTweaks instead,performance,1
ArchaicFix,https://www.curseforge.com/minecraft/mc-mods/archaicfix,,,,,Implements a number of bugfixes and optimizations for 1.7.10,Either,"Some optimizations are incompatible with Optifine and Fastcraft, so they are automatically disabled","performance,bugfix",
BetterFps,https://www.curseforge.com/minecraft/mc-mods/betterfps,,,,,"Adds a few performance improvements, trying to be compatible with other mods.",Either,,performance,
Born in a Barn,https://www.curseforge.com/minecraft/mc-mods/born-in-a-barn,https://modrinth.com/mod/born-in-a-barn,,,,Fixes a Minecraft bug where Village doors keep chunks loaded.,Server,No longer needed after Forge 14.23.2.2623,"bugfix,performance",
CensoredASM,https://www.curseforge.com/minecraft/mc-mods/lolasm,,,,"TexFix, VanillaFix",Optimizes RAM usage.,Both,,"performance,utility,bugfix",
CoFHTweaks,https://www.curseforge.com/minecraft/mc-mods/cofhtweaks,,,,"ArchaicFix, FastCraft, Neodymium",Configuration options for better FPS/TPS,Either,closed source,performance,
FalseTweaks,https://www.curseforge.com/minecraft/mc-mods/falsetweaks,https://modrinth.com/mod/falsetweaks,,,"Triangulator, AnimFix","FalsePattern's flagship tweaking, patching, and optimization mod. contains both the features from AnimFix and Triangulator",Either,,"performance,bugfix",
FastCraft,https://www.curseforge.com/minecraft/mc-mods/fastcraft,,,,"Forge Essentials, CoFHTweaks",A sophisticated mod which improves the client and server performance significantly without any game play changes.,Either,closed source,performance,
FoamFix,https://www.curseforge.com/minecraft/mc-mods/foamfix-optimization-mod,https://modrinth.com/mod/foamfix,,,VintageFix,"A mod designed to optimize post-1.7.10 modded Minecraft using simple, targeted optimizations",Either,Consider using VintageFix on 1.12,performance,4
Nothirium,https://www.curseforge.com/minecraft/mc-mods/nothirium,,,,"Cubic Chunks, Little Tiles, Far Plane Two, Albedo, VanillaFix, CensoredASM",A client-side only mod that changes Minecraft's chunk rendering engine to use modern OpenGL which greatly increases performance. This mod is similar to Sodium but this is not a port of Sodium.,Client,,performance,4
Particle Culling,https://www.curseforge.com/minecraft/mc-mods/particle-culling,https://modrinth.com/mod/particle-culling,,,,Stops particles that are outside the player's view from rendering,Client,,performance,
Phosphor (Forge),https://www.curseforge.com/minecraft/mc-mods/phosphor-forge,none,,,"Mods using outdated mixin versions, Hesperus, Alfheim Lighting Engine",Optimizes the lighting engine,Either,Use Alfheim Lighting Engine instead,performance,1
Squidless,https://www.curseforge.com/minecraft/mc-mods/squidless,,,,,Prevents squids spawning in regions where they would instantly despawn,Server,,performance,
Stackie,https://www.curseforge.com/minecraft/mc-mods/stackie,,,,,Increases stack sizes of experience and items,Server,,performance,
Surge,https://www.curseforge.com/minecraft/mc-mods/surge,https://modrinth.com/mod/surge,,,"Mods using outdated mixin versions, Universal Tweaks",Aims to improve the load time and performance of the game.,Either,Use Universal Tweaks instead,performance,1
TexFix,https://www.curseforge.com/minecraft/mc-mods/texfix,https://modrinth.com/mod/texfix,,,"FoamFix-Anarchy, MCPatcher, NormalASM/CensoredASM",Optimizes the loading of textures of other mods,Client,Use NormalASM/CensoredASM instead,performance,1
Tick Dynamic,https://www.curseforge.com/minecraft/mc-mods/tick-dynamic,,,,,Attempts to keep the server at 20tps by dynamically limiting the amount of entities and tile-entities that update per tick,Server,may hide TPS issues,performance,2
Tiquality,https://www.curseforge.com/minecraft/mc-mods/tiquality,,,,,Limiting a player's tick time in the world to evenly distribute time.,Server,may hide TPS issues,performance,2
Universal Tweaks,https://www.curseforge.com/minecraft/mc-mods/universal-tweaks,,,,"mods it replaces, mods using outdated mixin versions",A ton of performance and bugfix mods in one,Either,See https://tinyurl.com/utreplaced for a list of replaced mods,performance,
VanillaFix,https://www.curseforge.com/minecraft/mc-mods/vanillafix,https://modrinth.com/mod/vanillafix,,,"Mods using outdated mixin versions, (NormalASM/CensoredASM)",Improves performance and fixes bugs and annoyances in vanilla Minecraft,Client,Use NormalASM/CensoredASM instead,"performance,bugfix,utility",1
Advancements Debug,https://www.curseforge.com/minecraft/mc-mods/advancements-debug,https://modrinth.com/mod/advancements-debug,,,,"Rewrites one function of the advancements logic to make advancements checking faster, and use less recursion.",Server,,bugfix,
AntiGhost,https://www.curseforge.com/minecraft/mc-mods/antighost,https://modrinth.com/mod/antighost,,,,Removes all ghost blocks whithin a 4 block radius cube with press of a configurable key.,Client,,bugfix,
AttributeFix,https://www.curseforge.com/minecraft/mc-mods/attributefix,https://modrinth.com/mod/attributefix,,,,"Removes attribute caps (for armor values, attack damage, etc)",Server,can cause unintended behavior with some mods,bugfix,
Axolotl Bucket Fix (Fabric),https://www.curseforge.com/minecraft/mc-mods/axolotl-bucket-fix,none,,,,fixes axolotl buckets so that the item texture shows you what's actually inside it.,Client,,bugfix,
Bed Bugs,https://www.curseforge.com/minecraft/mc-mods/bed-bugs,,,,,Fixes being stuck in a bed and adds persistent chat when getting out of a bed,Client Optional,,bugfix,
BeeFix,none,https://modrinth.com/mod/bee-fix,,,,Fix a bee bug that causes lag,Server,,bugfix,
Blanket,https://www.curseforge.com/minecraft/mc-mods/blanket,https://modrinth.com/mod/blanket,,,,"Fixes some client side bugs, as well as adding some QoL features.",Client,,bugfix,
Blockfire,,https://modrinth.com/mod/blockfire,,,,Fixes the 1.12 bug of fire arrows lighting you on fire through shields.,Server,,bugfix,
Carpet-Fixes,https://www.curseforge.com/minecraft/mc-mods/carpet-fixes,https://modrinth.com/mod/carpet-fixes,,,,Carpet extension which fixes hundreds of vanilla bugs.,Either,requires Carpet,bugfix,
Chat Lag Fix,,https://modrinth.com/mod/chat-lag-fix,,,,Fixes Minecraft client lag from receiving chat messages,Client,,bugfix,
Connectivity,https://www.curseforge.com/minecraft/mc-mods/connectivity,,,,,"Lightweight mod which solves several connection problems like DecoderException, Packet size larget than X bytes, Payload too large and more.",Either,closed source,bugfix,
Debugify,https://www.curseforge.com/minecraft/mc-mods/debugify,https://modrinth.com/mod/debugify,,,,Fixes a variety of bugs.,Either,"MC-147605 patch breaks JEI's search bar (see Debugify#169), can be disabled in config",bugfix,4
Dimension Fix,https://www.curseforge.com/minecraft/mc-mods/dimension-fix-some-forge-patches-ported,https://modrinth.com/mod/dimension-fix,,,,Fix MC-197860: Deleting a custom dimension in a data pack deletes Nether and End.,Both,,bugfix,
Dimension Update Fixer,,https://modrinth.com/mod/dimension-update-fixer,,,,Fixes the issue where removing a dimension from a world deletes all other dimensions.,Server,,bugfix,
DupeFix Project,https://www.curseforge.com/minecraft/mc-mods/dupefix-project,,,,,Fix as many dupes as possible so that modpacks and servers can take advantage of several mods without having to ban items from them.,Client Optional,,bugfix,
Entangled Fix,https://www.curseforge.com/minecraft/mc-mods/entangled-fix,,,,,Fixes an issue with the Entangled mod that causes server to hang if an area is unloaded.,Both,,bugfix,
Erroring Entity Remover,https://www.curseforge.com/minecraft/mc-mods/erroring-entity-remover,https://modrinth.com/mod/erroring-entity-remover,,,,Removes entities that throw errors and crash the game while ticking.,Server,should only be used as a last resort,bugfix,3
Erroring Entity Remover Reforged,https://www.curseforge.com/minecraft/mc-mods/erroring-entity-remover-reforged,https://modrinth.com/mod/eer-reforged,,,,Removes entities that throw errors and crash the game while ticking.,Server,should only be used as a last resort,bugfix,3
FabricCrossDimTPFix,,https://modrinth.com/mod/fabriccrossdimtpfix,,,,Fixes a bug where the player doesn't get sent their XP and Potion effects on cross dim teleport.,Server,,bugfix,
FastOpenLinksAndFolders,https://www.curseforge.com/minecraft/mc-mods/fastopenlinksandfolders,https://modrinth.com/mod/fastopenlinksandfolders,,,,Stops the game from freezing when opening external links or folders,Client,,bugfix,
Feature NBT Deadlock Begone,https://www.curseforge.com/minecraft/mc-mods/feature-nbt-deadlock-be-gone,https://modrinth.com/mod/feature-nbt-deadlock-be-gone,,,,Fixes deadlocks caused by MC-246262.,Server,,bugfix,
fixRTM,https://www.curseforge.com/minecraft/mc-mods/fixrtm,,,,,fixes some RealTrainMod bugs and makes it more useful.,Both,,bugfix,
FlickerFix,https://www.curseforge.com/minecraft/mc-mods/flickerfix,,,,,"By default, when the night vision effect goes below 10 seconds, the screen starts flickering. This mod replaces that behavior with a fast fade-out at 1 second remaining duration.",Client,,bugfix,
Head Name Fix,https://www.curseforge.com/minecraft/mc-mods/head-name-fix,https://modrinth.com/mod/headfix,,,,Mob heads will keep their custom names when placed.,Server,,bugfix,
IMBlocker,https://www.curseforge.com/minecraft/mc-mods/imblockerfabric,https://modrinth.com/mod/imblocker,,,,Hides the IME (Input Method Editor) where entering text is not required.,Client,,bugfix,
Inventory Close with Mouse key Fix,https://www.curseforge.com/minecraft/mc-mods/inventory-close-fix,https://modrinth.com/mod/invclosefix,,,,Allows you to close your inventory with a key bound to a mouse button.,Client,,bugfix,
Item Model Fix,https://www.curseforge.com/minecraft/mc-mods/item-model-fix,https://modrinth.com/mod/item-model-fix,,,,Fixes gaps in generated item models.,Client,,bugfix,
LagGoggles,https://www.curseforge.com/minecraft/mc-mods/laggoggles,,,,,"a profiler where you can see timings in the world, visually.",Either,,utility,
LibreExpFix,https://www.curseforge.com/minecraft/mc-mods/libreexpfix,https://modrinth.com/mod/libre-exp-fix,,,,Fixed experience bug after teleporting across dimensions,Server,,bugfix,
Map Crash Fixer,https://www.curseforge.com/minecraft/mc-mods/map-crash-fixer,https://modrinth.com/mod/mapcrashfixer,,,,Fixes a 1.17.1 bug with map crashes.,Client,,bugfix,
MC122477Fix,https://www.curseforge.com/minecraft/mc-mods/mc122477fix,https://modrinth.com/mod/mc122477fix,,,,"Fixes MC-122477, the random extra chat character on Unix-based systems.",Client,,bugfix,
MCMouser,https://www.curseforge.com/minecraft/mc-mods/mcmouser,https://modrinth.com/mod/mcmouser,,,,Fixes various mouse bugs on macOS.,Client,,bugfix,
MCPersianTextFixer,,https://modrinth.com/mod/mcpersiantextfixer,,,,"""Fixes"" Persian text rendering.",Client,,bugfix,
NetherPortalFix,https://www.curseforge.com/minecraft/mc-mods/netherportalfix,https://modrinth.com/mod/netherportalfix,,,,Keeps track of what portals a player went through in order to ensure correct destinations when the player is going back through the same portals.,Server,,bugfix,
Night Vision flash be gone,https://www.curseforge.com/minecraft/mc-mods/night-vision-flash-be-gone,,,,,Removes the flashing when the night vision effect has less than 10 seconds lef,Client,,bugfix,
No Chat Reports,https://www.curseforge.com/minecraft/mc-mods/no-chat-reports,https://modrinth.com/mod/no-chat-reports,,,,Strips the cryptographic signatures from chat messages that were added in 1.19 to stop the chat reporting feature from working,Either,,utility,
No Night Vision Flickering,https://www.curseforge.com/minecraft/mc-mods/no-night-vision-flickering,https://modrinth.com/mod/no-night-vision-flickering,,,,changes night vision flickering/flashing when status effect is expiring to gentle fade-out animation over last 5 seconds(configurable),Client,,bugfix,
No Null Processors,https://www.curseforge.com/minecraft/mc-mods/no-null-processors,,,,,Fixes crashing when trying to pre-generate large areas of a world.,Server,,bugfix,
No Time Out No More,https://www.curseforge.com/minecraft/mc-mods/notimeoutnomore,,,,,Enables editing of server timeout time,Server,configuration needed,bugfix,
Potion ID Packet Fixer,https://www.curseforge.com/minecraft/mc-mods/potion-id-packet-fixer,https://modrinth.com/mod/potion-fix,,,,"If you have more than 255 potion effects registered, the client will receive incorrect information for potion effects above ID 255, due to an issue with vanilla packets. This mod fixes that issue.",Both,,bugfix,
PurpurClient,,https://modrinth.com/mod/purpurclient,,,,Fixes client-side vanilla bugs.,Client,,bugfix,
RandomPatches (Forge),https://www.curseforge.com/minecraft/mc-mods/randompatches-forge,https://modrinth.com/mod/randompatches,,,,Contains a bunch of miscellaneous patches for Minecraft,Either,,bugfix,
Rcon Output Newline,,https://modrinth.com/mod/rconoutputnewline,,,,Fixes rcon output by appending a newline.,Server,,bugfix,
Translucency Fix,https://www.curseforge.com/minecraft/mc-mods/translucencyfix,https://modrinth.com/mod/translucencyfix,,,,Allows resource packs to use semitranslucent textures.,Client,,bugfix,
Spark,https://www.curseforge.com/minecraft/mc-mods/spark,https://modrinth.com/mod/spark,,,,"A performance profiler for clients, servers and proxies",Either,,utility,
Spectater,https://www.curseforge.com/minecraft/mc-mods/spectater,https://modrinth.com/mod/spectater,,,,fixes a spectator bug.,Client,,bugfix,
Thorium,https://www.curseforge.com/minecraft/mc-mods/thorium,https://modrinth.com/mod/thorium,,,,fixes 50+ small bugs and annoyances in Minecraft.,Either,,bugfix,
TieFix,https://www.curseforge.com/minecraft/mc-mods/tiefix,https://modrinth.com/mod/tiefix,,,,Fixes some annoying bugs in the Minecraft client.,Client,,bugfix,
Too Fast,https://www.curseforge.com/minecraft/mc-mods/too-fast,,,,RandomPatches,"Removes the server-side limitations on player speed that result in ""player XYZ moved too fast"" messages in the console and rubber-banding.",Server,,bugfix,
ToolTipFix,https://www.curseforge.com/minecraft/mc-mods/tooltipfix,https://modrinth.com/mod/tooltipfix,,,,Stops tooltips that are too large to fit on the screen from running off the screen,Client,,bugfix,
Wither Cage Fix,https://www.curseforge.com/minecraft/mc-mods/wither-cage-fix,https://modrinth.com/mod/wither-cage-fix,,,,Fixes vanilla bug where withers forget their targets.,Server,,bugfix,
XL Packets,https://www.curseforge.com/minecraft/mc-mods/xl-packets,none,,,,"Fixes MC-185901 by raising the packet size limit from 2MB to 2GB, so that servers with large datapacks, packets, etc don't kick the client.",Both,,bugfix,
XL Packets (Fabric),https://www.curseforge.com/minecraft/mc-mods/xl-packets-fabric,none,,,XXL Packets,"Fixes MC-185901 by raising the packet size limit from 2MB to 2GB, so that servers with large datapacks, packets, etc don't kick the client.",Both,,bugfix,
XXL Packets,,https://modrinth.com/mod/xxl-packets,,,XL Packets,"Fixes MC-185901 by raising the packet size limit from 2MB to 2.14GB, so that servers with large datapacks, packets, etc don't kick the client.",Both,,bugfix,
Random Patches (Fabric),https://www.curseforge.com/minecraft/mc-mods/randompatches-fabric,https://modrinth.com/mod/randompatches,,,,contains a bunch of miscellaneous patches for Minecraft,Either,,bugfix,
Ascribe,https://www.curseforge.com/minecraft/mc-mods/ascribe,,,,,Fix attackedAtYaw syncing.,Both,Use Et Futurum Requiem instead. `/doDownfall` is broken (it doesn't persist).,bugfix,1
Healer,https://www.curseforge.com/minecraft/mc-mods/healer,https://modrinth.com/mod/healer,,,,Alternative to FoamFix's log4j vulnerability fix,Either,,bugfix,
ContainerFix,https://www.curseforge.com/minecraft/mc-mods/containerfix,,,,,"fixes a common issue with many mods that doesn't close the GUI of a Container, even if that container is destroyed or removed somehow.",Server,,bugfix,
Sledgehammer,https://www.curseforge.com/minecraft/mc-mods/sledgehammer,https://modrinth.com/mod/sledgehammer,,,,Fixes several bugs in Minecraft as well as some mods,Either,,bugfix,
BedBreakBegone,https://www.curseforge.com/minecraft/mc-mods/bedbreakbegone,https://modrinth.com/mod/bedbreakbegone,,,,"Fixes and alleviates nonsense ""Your bed was obstructed"" errors",Server,,bugfix,
Block Overlay Fix,https://www.curseforge.com/minecraft/mc-mods/block-overlay-fix,,,,,Fixes xray when standing in block that don't cause suffocation.,Client,,bugfix,
ASM Fixes,https://www.curseforge.com/minecraft/mc-mods/asm-fixes-j-a-f-m,,,,,Stops a client/server Potion ID mismatch from causing a client crash,Both,Incompatible (7),bugfix,4
Biome Decoration Fix,https://www.curseforge.com/minecraft/mc-mods/biome-decoration-fix,,,,GasStation,Fixes a crash commonly occurring with a lot of heavy worldgen mods installed,Server,,bugfix,
BugTorch,,https://modrinth.com/mod/bugtorch,,,,Fixes bugs and backports some features,Both,,bugfix,
Careful Cast Corrector,https://www.curseforge.com/minecraft/mc-mods/careful-cast-corrector-ccc,,,,,Fixes an extremely rare case of crashing in worldgen,Server,,bugfix,
Lumy Skin Patch,https://www.curseforge.com/minecraft/mc-mods/lumy-skin-patch,,,,,Repairs skins for Minecraft because Mojang no longer supports skins for no-UUID Minecraft versions.,Client,,bugfix,
MojangFix,,https://modrinth.com/mod/mojangfix,,,,"fixes skins, authentication and more",Client,,bugfix,
Font Fixer,none,https://modrinth.com/mod/font-fixer,,,,Fixes the font renderer in legacy MC.,Client,,bugfix,
Legacy LazyDFU,,https://modrinth.com/mod/legacy-lazydfu,,,,"makes the initialization of DataFixerUpper ""lazy""",Either,,performance,
Legacy Advancements Debug,,https://modrinth.com/mod/legacy-advancements-debug,,,,Makes advancement checking faster,Server,,performance,
Had Enough Items,https://www.curseforge.com/minecraft/mc-mods/had-enough-items,,,,,A fork of Just Enough Items with memory and performance optimizations,Client,,performance,
Hesperus,https://www.curseforge.com/minecraft/mc-mods/hesperus,,,,"Cubic Chunks, Mods using outdated mixin versions","Continuation of Phosphor for 1.12.2, with improved compatibility",Either,May be laggier than Phosphor with Dynamic Lighting. Can cause lighting glitches in some scenarios. Consider using Alfheim Lighting Engine instead.,"performance,bugfix",1
Let Me Despawn,https://www.curseforge.com/minecraft/mc-mods/let-me-despawn,https://modrinth.com/mod/lmd,,,,Helps with lag caused by accidental persistent mobs by allowing mobs holding items to despawn,Server,may break certain vanilla farms (eg. iron) and cause items dropped after death to despawn (because a mob picked it up),performance,3
Multithreaded Noise,https://www.curseforge.com/minecraft/mc-mods/multithreaded-noise,,,"[[""1.12.2"", ""Forge""], [""1.12.1"", ""Forge""], [""1.12"", ""Forge""]]",,makes overworld terrain generate faster by replacing the three 3D noise generators in the overworld with multithreaded versions.,Server,Alpha (1),performance,3
NormalASM,none,https://modrinth.com/mod/normalasm,,,"TexFix, VanillaFix",Optimize RAM usage.,Both,outdated fork of CensoredASM without questionable names. Consider using CensoredASM instead,"performance,utility,bugfix",3
Unloader,https://www.curseforge.com/minecraft/mc-mods/unloader,,,,,Checks for unused dimensions every 30 seconds (600 ticks) to unload by default,Client Optional,Use UniversalTweaks instead,performance,1
Tinkers OreDict Cache,https://www.curseforge.com/minecraft/mc-mods/tinkers-oredict-cache,,,,,Caches Tinkers Construct melting recipes to speed up game loading time,Both,,performance,
ChunkPurge,https://www.curseforge.com/minecraft/mc-mods/chunkpurge,,,,,"Periodically scans the loaded chunks in each dimension that are configured to be scanned, and identifies those which are isolated from any valid chunk watchers, then unloads them",Server,,performance,
Flying Cullers,https://www.curseforge.com/minecraft/mc-mods/flying-cullers,https://modrinth.com/mod/flying-cullers,,,,Dynamically adjusts the render distance of entities and tile entities based on your frame rate,Client,,performance,
No Leaf Decay,,https://modrinth.com/mod/no-leaf-decay,,,,Prevents leaves from decaying,Both,breaks vanilla leaf behavior,performance,3
NotEnoughItems Unofficial,https://www.curseforge.com/minecraft/mc-mods/notenoughitems-gtnh,https://modrinth.com/mod/notenoughitems-unofficial,,,,GTNH fork of NotEnoughItems with performance and stability improvements,Server Optional,,"performance,utility",
Not Enough Crashes (Forge),https://www.curseforge.com/minecraft/mc-mods/not-enough-crashes-forge,https://modrinth.com/mod/notenoughcrashes,,,,fancy UI after crashes,Either,sometimes causes crashes; may report inaccurate cause of crashes,utility,2
Not Enough Crashes (Fabric),https://www.curseforge.com/minecraft/mc-mods/not-enough-crashes,https://modrinth.com/mod/notenoughcrashes,,,,fancy UI after crashes,Either,sometimes causes crashes; may report inaccurate cause of crashes,utility,2
Damage Tilt,https://www.curseforge.com/minecraft/mc-mods/damage-tilt,none,,,,Restores damage tilt.,Both,,bugfix,
FPS Reducer,https://www.curseforge.com/minecraft/mc-mods/fps-reducer,,,,,reduces unnecessary GPU and CPU load by reducing the frame rate automatically when the client window is inactive,Client,,performance,
HelpFixer,https://www.curseforge.com/minecraft/mc-mods/helpfixer,,,,,Fixes /help command with broken mods,Server,,bugfix,
Hodgepodge,https://www.curseforge.com/minecraft/mc-mods/hodgepodge,https://modrinth.com/mod/hodgepodge,,,,Various Mixins and ASM optimizations,Either,Has notable overlap with other open source mods,"bugfix,performance",
LoadingProgressBar,https://www.curseforge.com/minecraft/mc-mods/loading-progress-bar,,,,"Aether II, BugTorch with ""skipInitialWorldChunkLoad""",Makes progress bar work again,Client,Incompatible with some mods that alter the main menu,bugfix,
Smooth Font,https://www.curseforge.com/minecraft/mc-mods/smooth-font,,,,,draws all fonts (including resource pack's fonts) smoothly for better readability on all scales,Client,,bugfix,
TileEntity Reset Fix,,https://modrinth.com/mod/tileentity-reset-fix,,,,fix for critical bug in Forge that occasionally resets tile entities,Server,,bugfix,
VillagerMetaFix,https://www.curseforge.com/minecraft/mc-mods/villagermetafix,,,,,forces villagers to check the meta- and NBT-data of the items they are buying.,Client Optional,,bugfix,
EndlessIDs,https://www.curseforge.com/minecraft/mc-mods/endlessids,https://modrinth.com/mod/endlessids,,,,"increases ID limit for blocks, items, and biomes.",Both,,bugfix,
NotEnoughIDs,https://www.curseforge.com/minecraft/mc-mods/notenoughids,,,,,increases ID limit for blocks and items,Both,Use EndlessIDs or JustEnoughIDs,bugfix,1
JustEnoughIDs,https://www.curseforge.com/minecraft/mc-mods/jeid,,,,The Lost Cities,"removes the block, item, biome, potion, and enchantment ID limits by using the 1.13 chunk format in 1.12.",Both,Use Roughly Enough IDs instead.,bugfix,1
Bigger Packets Please,https://www.curseforge.com/minecraft/mc-mods/bigger-packets-please,,,,,increases the default size limit on reception and save read.,Both,,bugfix,
Entity Render Distance Extender,https://www.curseforge.com/minecraft/mc-mods/entity-render-distance-extender,https://modrinth.com/mod/erde,,,,gives a config option to extend from how far away entities render and from how far away they are tracked,Both,,performance,
PotionExtension,https://www.curseforge.com/minecraft/mc-mods/potionextension,,,,,extends a potion array size to 128.,Both,,bugfix,
Enchantment ID Extender,https://www.curseforge.com/minecraft/mc-mods/enchantment-id-extender,https://modrinth.com/mod/eide,,,,extends enchantment IDs from 256 to 4096,Both,,bugfix,
Sampler,https://www.curseforge.com/minecraft/mc-mods/sampler,,,,,A sampling profiler (sampler) to see exactly where the Minecraft client/server spends its time,Either,,utility,
Lag Goggles: Legacy,,https://modrinth.com/mod/lglegacy,,,,"A profiler where you can see timings in the world, visually",Either,,utility,
Iris Shaders,https://www.curseforge.com/minecraft/mc-mods/irisshaders,https://modrinth.com/mod/iris,,,,A modern shaders mod intended to be compatible with existing OptiFine shader packs,Client,no longer available on Curseforge; requires Sodium,utility,
Oculus,https://www.curseforge.com/minecraft/mc-mods/oculus,https://modrinth.com/mod/oculus,,,Literal Sky Block,"Forge port of Iris, a modern shaders mod intended to be compatible with existing OptiFine shader packs",Client,requires Rubidium,utility,
Cyanide (Fabric),https://www.curseforge.com/minecraft/mc-mods/cyanide-fabric,https://modrinth.com/mod/cyanide,,,,Improves datapack error logging,Server,,utility,
"No See, No Tick",https://www.curseforge.com/minecraft/mc-mods/no-see-no-tick,,,,,disables entities ticking if too far away from the player,Server,breaks vanilla mob farms,performance,3
Gotta Go Fast,https://www.curseforge.com/minecraft/mc-mods/gotta-go-fast-fabric,https://modrinth.com/mod/gotta-go-fast-fabric,,,RandomPatches,"Removes the server-side limitations on player speed that result in ""player XYZ moved too fast"" messages in the console and rubber-banding.",Server,,bugfix,
Raw Mouse Input,https://www.curseforge.com/minecraft/mc-mods/raw-input-1-12-2,,,,,makes mouse input feel smoother and fix mouse jittering.,Client,,bugfix,
ImmediatelyFast,https://www.curseforge.com/minecraft/mc-mods/immediatelyfast,https://modrinth.com/mod/immediatelyfast,,,,improves the immediate mode rendering performance of the client.,Client,,performance,
RLTweaker,https://www.curseforge.com/minecraft/mc-mods/rltweaker,,,,,bug fixes and performance improvements,Client Optional,,"performance,bugfix",
Lightspeed,https://www.curseforge.com/minecraft/mc-mods/lightspeedmod,https://modrinth.com/mod/lightspeed,,,,improves loading time,Client,,performance,
CullLessLeaves Reforged,https://www.curseforge.com/minecraft/mc-mods/culllessleaves-reforged,,,,Cull Leaves,Forge port of Cull Less Leaves,Client,,performance,
Limited Chunkloading,https://www.curseforge.com/minecraft/mc-mods/limited-chunkloading,,,,,Limits chunk-loaders from mods to only stay X time after player logout.,Server,"closed source, breaks default chunk loader behavior",performance,3
ImmediatelyFast Reforged,https://www.curseforge.com/minecraft/mc-mods/immediatelyfast-reforged,https://modrinth.com/mod/immediatelyfast-reforged,,,,improves the immediate mode rendering performance of the client.,Client,,performance,
ModernFix,https://www.curseforge.com/minecraft/mc-mods/modernfix,https://modrinth.com/mod/modernfix,,,"Optifine, DashLoader",fix bugs and improve the performance of Forge for 1.16+,Either,,performance,
Shutup Experimental Settings!,https://www.curseforge.com/minecraft/mc-mods/shutup-experimental-settings,,,,,"disables the ""Experimental Features"" popup that appears every time you create or load a world with custom dimensions or world settings.",Client,,utility,
Disable Custom Worlds Advice,https://www.curseforge.com/minecraft/mc-mods/fabric-disable-custom-worlds-advice,https://modrinth.com/mod/dcwa,,,,"disables the ""Experimental Features"" popup that appears every time you create or load a world with custom dimensions or world settings.",Client,,utility,
Yeetus Experimentus,https://www.curseforge.com/minecraft/mc-mods/yeetusexperimentus,,,,,"disables the ""Experimental Features"" popup that appears every time you create or load a world with custom dimensions or world settings.",Client,,utility,
Cull Particles,https://www.curseforge.com/minecraft/mc-mods/cull-particles,,,,,increases FPS by not rendering particles that the player can't see,Client,implemented by newer versions of Forge,performance,1
Chlorine,https://www.curseforge.com/minecraft/mc-mods/chlorine,,,"[[""1.16.5"", ""Forge""], [""1.16.3"", ""Fabric""]]",,"Unofficial Forge port of Sodium. FOSS rendering engine replacement that greatly improves frame rates, reduces micro-stutter, and fixes graphical issues in Minecraft.",Client,Use Rubidium instead,performance,1
Sodium Extra,https://www.curseforge.com/minecraft/mc-mods/sodium-extra,https://modrinth.com/mod/sodium-extra,,,,"toggle animations, particles, details, rendering, etc",Client,requires Sodium,performance,
Rubidium Extra,https://www.curseforge.com/minecraft/mc-mods/rubidium-extra,https://modrinth.com/mod/rubidium-extra,,,,"Unofficial Forge port of Sodium Extra. toggle animations, particles, details, rendering, etc.",Client,requires Rubidium,performance,
TabTPS,,https://modrinth.com/plugin/tabtps,,,,"shows TPS, MSPT, etc in the tab menu, boss bar, and action bar; adds commands for checking current TPS, memory and ping",Server,,utility,
Mod Menu,https://www.curseforge.com/minecraft/mc-mods/modmenu,https://modrinth.com/mod/modmenu,,,,adds a list of mods accessed via a menu button,Client,no longer available on Curseforge,utility,
Chunk Sending,https://www.curseforge.com/minecraft/mc-mods/chunk-sending-forge-fabric,,,,,Optimizes chunk packet sending through sorting and distributing them over time.,Server,closed source,performance,
Structure Essentials,https://www.curseforge.com/minecraft/mc-mods/structure-essentials-forge-fabric,,,,,makes structure locating much faster (eg. looting a chest with a treasure map) and adds some utility commands,Server,closed source,performance,
DoesPotatoTick,https://www.curseforge.com/minecraft/mc-mods/doespotatotick,,,,,Limits entity ticking outside view distance,Both,breaks vanilla mob farms,performance,3
DrawerFPS Legacy,https://www.curseforge.com/minecraft/mc-mods/drawerfps-legacy,,,,,Lets you configure the range at which Storage Drawers render items to improve fps.,Client,,performance,
Methane,,https://modrinth.com/mod/methane,,,,disable lighting and optionally fog,Client,"basically fullbright, but with performance gains",performance,3
Language Reload,https://www.curseforge.com/minecraft/mc-mods/language-reload,https://modrinth.com/mod/language-reload,,,,Fast language switching without resource pack reloading and other QOL features,Client,,performance,
Model Gap Fix,https://www.curseforge.com/minecraft/mc-mods/model-gap-fix,https://modrinth.com/mod/modelfix,,,,fixes gaps in block and item models,Client,,bugfix,
kennytvs-epic-force-close-loading-screen-mod-for-fabric,,https://modrinth.com/mod/forcecloseworldloadingscreen,,,Fastload,Instantly closes the loading terrain screen on world changing,Client,Use Fastload instead,performance,1
Cull Particles Fabric,https://www.curseforge.com/minecraft/mc-mods/cull-particles-fabric,,,,,increases FPS by not rendering particles that the player can't see,Client,Use Sodium instead,performance,1
No Telemetry,https://www.curseforge.com/minecraft/mc-mods/no-telemetry,https://modrinth.com/mod/no-telemetry,,,,disables the telemetry introduced in 1.18,Client,,utility,
Keep Head Names,https://www.curseforge.com/minecraft/mc-mods/keepheadnames,https://modrinth.com/mod/keepheadnames,,,,Keep display names and lore tags of player heads,Server,,bugfix,
TimeOutOut,https://www.curseforge.com/minecraft/mc-mods/timeoutout-fabric,https://modrinth.com/mod/timeoutout,,,,Configure connection timeouts from client to server.,Server,configuration needed,bugfix,
AntiShulkerDupe,,https://modrinth.com/mod/antishulkerdupe,,,,Patches the 1.17-1.19 shulker item dupe,Server,,bugfix,
Chunk Saving Fix,https://www.curseforge.com/minecraft/mc-mods/chunk-saving-fix,,,,,Fixes MC-224729 which causes worldgen happening far away from the player to be cut off,Server,,bugfix,
Chocolate Fix,https://www.curseforge.com/minecraft/mc-mods/chocolate-fix,,,,,Fixes a few worldgen bugs,Server,Some fixes are in later version of Forge,bugfix,
Crash Utilities,https://www.curseforge.com/minecraft/mc-mods/crash-utilities,,,,,adds a number of tools for finding and fixing common server problems.,Client Optional,,bugfix,
Legacy VanillaFix,,https://modrinth.com/mod/legacyvanillafix,,,,Unofficial Legacy Fabric port of Vanilla Fix,Either,,"performance,bugfix,utility",
MixinTrace,https://www.curseforge.com/minecraft/mc-mods/mixintrace,https://modrinth.com/mod/mixintrace,,,,adds a list of mixins to classes in the stack trace of crash reports,Server,,utility,
Modern Keybinding (Forge),https://www.curseforge.com/minecraft/mc-mods/modern-keybinding,https://modrinth.com/mod/modernkeybinding,,,,Backports key modifiers,Client,,utility,
Modern Keybinding (Fabric),https://www.curseforge.com/minecraft/mc-mods/modern-keybinding-fabric,https://modrinth.com/mod/modernkeybinding,,,,Ports key modifiers to Fabric,Client,,utility,
Controlling,https://www.curseforge.com/minecraft/mc-mods/controlling,https://modrinth.com/mod/controlling,,,,Adds the ability to search for keybinds using their name,Client,,utility,
Configured,https://www.curseforge.com/minecraft/mc-mods/configured,none,,,,dynamically creates a configuration menu for every mod,Client,may have bugs due to other mods' nonstandard behavior,utility,4
Catalogue,https://www.curseforge.com/minecraft/mc-mods/catalogue,none,,,,replaces Forge's mod list menu with an updated and modernised version,Client,,utility,
Nvidium,,https://modrinth.com/mod/nvidium,,,Iris,replacement rendering backend for Sodium that uses Nvidia-only OpenGL extensions to increase FPS significantly,Client,"very early alpha, expect many issues and crashes (including system crashes)",performance,3
No Night Vision Flashing,https://www.curseforge.com/minecraft/mc-mods/no-nv-flash,,,,,Removes the flashing effect when night vision effects have less than 10 seconds left and adds a configurable fade-out.,Client,,bugfix,
Extra Thicc Packets,https://www.curseforge.com/minecraft/mc-mods/extra-thicc-packets,,,,XL Packets,"Fixes MC-185901 by raising the packet size limit from 2MB to 2.14GB, so that servers with large datapacks, packets, etc don't kick the client.",Both,,bugfix,
Night Config Fixes,https://www.curseforge.com/minecraft/mc-mods/night-config-fixes,https://modrinth.com/mod/night-config-fixes,,,,"Fixes ""com.electronwill.nightconfig.core.io.ParsingException: Not enough data available"" issue related to config loading",Either,,bugfix,
Fix Experience Bug,https://www.curseforge.com/minecraft/mc-mods/fix-experience-bug,,,,,Fixed experience bug after teleporting across dimensions,Server,,bugfix,
Boat Break Fix,https://www.curseforge.com/minecraft/mc-mods/boat-break-fix,https://modrinth.com/mod/boat-break-fix,,,,"Fixes bug where boat breaks if falls from a height of 12, 13, 49, 51, 111, 114, 198, 202, 310, or 315 blocks",Server,,bugfix,
Max Health Fix,https://www.curseforge.com/minecraft/mc-mods/max-health-fix,https://modrinth.com/mod/max-health-fix,,,,"Fixes bug where ""Max Health"" attribute is ignored when a player joins the game, causing players with a health value greater than the default limit of 20 to be reset back down to 20,",Server,,bugfix,
Rebind Narrator,https://www.curseforge.com/minecraft/mc-mods/rebind-narrator,https://modrinth.com/mod/rebind-narrator,,,,lets you rebind the narrator key (Ctrl + B),Client,,"bugfix,utility",
AttributeFix (Fabric),https://www.curseforge.com/minecraft/mc-mods/attribute,,,,,"Removes attribute caps (for armor values, attack damage, etc)",Server,can cause unintended behavior with some mods,bugfix,
Biome Id Fixer,https://www.curseforge.com/minecraft/mc-mods/biome-id-fixer,,,,,Fixes biome ids being remapped when adding or removing biomes.,Server,,bugfix,
Third Person Camera Fix,https://www.curseforge.com/minecraft/mc-mods/third-person-camera-fix,,,,,Fixes camera angles when your head is in a non-collidable block,Client,,bugfix,
MekFix,https://www.curseforge.com/minecraft/mc-mods/mekfix,,,,,Backports Mekanism bug fix that causes XP to drop from machines when using the cardboard box on them (Mekanism#7600),Server,,bugfix,
Duplicate Entity UUID Fix,https://www.curseforge.com/minecraft/mc-mods/deuf-duplicate-entity-uuid-fix,,,,,Fixes log spam from duplicate entity UUIDs,Server,,bugfix,
Magnesium/Rubidium Extras,https://www.curseforge.com/minecraft/mc-mods/magnesium-extras,,,,,Fixes bugs with Sodium and Forge and adds entity culling,Client,,"bugfix,performance",
FX's Rail Optimization,https://www.curseforge.com/minecraft/mc-mods/fxs-rail-optimization,https://modrinth.com/mod/rail-optimization,,,,makes powered/activator rails turning on/off up to 4x faster,Either,,performance,
Calm Down Zombie Guy,https://www.curseforge.com/minecraft/mc-mods/calm-down-zombie-guy,,,,,fixes a niche bug that causes Zombie Pigmen to be able to attack you in the Overworld from the Nether if they are aggroed while the player transitions.,Both,,bugfix,
Entity Desync Fix,https://www.curseforge.com/minecraft/mc-mods/entity-desync-fix,,,,,fixes entity motion desync (most notable with arrows and thrown items),Both,,bugfix,
Thaumcraft 4 Tweaks,https://www.curseforge.com/minecraft/mc-mods/tc4tweaks,,,,,fixes UI issues and performance,Both,,"bugfix,performance",
Fixeroo,https://www.curseforge.com/minecraft/mc-mods/xp-orb-clump,,,,Clumps,"Clumps groups XP orbs together into a single entity to reduce lag when there are many in a small area, but without adding a new entity.",Server,,performance,
Dimensional Threading Reforged,https://www.curseforge.com/minecraft/mc-mods/dimensional-threading-reforged,none,,,,"Optimizes the processing of multiple Dimensions, by assigning them independent threads",Either,Incompatible (2),performance,3
Enhanced Block Entities Reforged,https://www.curseforge.com/minecraft/mc-mods/enhanced-block-entities-reforged-unofficial,none,,,,"Aims to increase the performance of block entity rendering, as well as offer customizability via resource packs.",Client,,performance,
Fix Alt Gr,,https://modrinth.com/mod/fix-alt-gr,,,,"Fixes the MC-127862 bug, which sometimes makes the Alt Gr key lock your left control key in a pressed state. ",Client,,bugfix,
Starlight Legacy,,https://modrinth.com/mod/starlight-legacy,,,,Unofficial backport of Starlight for 1.14 and 1.15. rewrites the light engine to fix lighting performance and lighting errors.,Either,,performance,
Splash Logo Color Fix,https://www.curseforge.com/minecraft/mc-mods/splash-logo-color-fix,,,,,fixes the color of the mojang logo when a background is applied to Forge's spash screen.,Client,,bugfix,
VintageFix,https://www.curseforge.com/minecraft/mc-mods/vintagefix,https://modrinth.com/mod/vintagefix,,,FoamFix,Load time and memory use optimizations for Forge 1.12,Either,recommended to use the latest version of CensoredASM,performance,
Mobs No Render,https://www.curseforge.com/minecraft/mc-mods/mobs-no-render,https://modrinth.com/mod/mobs-no-render,,,,Stops rendering entities out of a certain range,Client,,performance,
OptimizationsAndTweaks,https://www.curseforge.com/minecraft/mc-mods/optimizationsandtweaks,https://modrinth.com/mod/optimizationsandtweaks,,,,Adds multithreading for some features in 1.7.10 that can improve TPS and FPS in some situations,Both,alpha,performance,3
Raknetify,https://www.curseforge.com/minecraft/mc-mods/raknetify,https://modrinth.com/plugin/raknetify,,,,"Allows users to use RakNet to connect to servers, which improves network performance, especially bad connections",Both,,performance,
Starlight (1.16),none,none,https://github.com/PaperMC/Starlight/,"[[""1.16.5"", ""Forge""], [""1.16.5"", ""Fabric""], [""1.16.4"", ""Fabric""], [""1.16.3"", ""Fabric""], [""1.16.2"", ""Fabric""], [""1.16.1"", ""Fabric""], [""1.16"", ""Fabric""]]",,rewrites the light engine to fix lighting performance and lighting errors,Either,beta,performance,4
KaizPatch,none,none,https://github.com/Kai-Z-JP/KaizPatchX,"[[""1.7.10"", ""Forge""]]",,fixes some RealTrainMod bugs and makes it more useful.,Both,,bugfix,
PortalSuperCache,none,none,https://github.com/LucunJi/PortalSuperCacheForge112/,"[[""1.12.2"", ""Forge""]]",FTB Utilities,Search portal blocks at a high speed on teleport,Both,"alpha, may have minor bugs",performance,3
Krypton (1.14),none,none,https://github.com/KingContaria/krypton-1.14,"[[""1.14"", ""Fabric""], [""1.14.1"", ""Fabric""], [""1.14.2"", ""Fabric""], [""1.14.3"", ""Fabric""], [""1.14.4"", ""Fabric""]]",,Unofficial backport of Krypton for 1.14. Implements a suite of optimizations focused on the Minecraft networking stack.,Either,,performance,
Lithium (1.14),none,none,https://github.com/KingContaria/lithium-fabric-1.14,"[[""1.14"", ""Fabric""], [""1.14.1"", ""Fabric""], [""1.14.2"", ""Fabric""], [""1.14.3"", ""Fabric""], [""1.14.4"", ""Fabric""]]",,Unofficial backport of Lithium for 1.14. A general-purpose optimization mod which works to improve a number of systems without changing any behavior,Either,,performance,
Sodium (mrmangohands),none,none,https://github.com/mrmangohands/sodium-fabric,"[[""1.16.1"", ""Fabric""], [""1.15.2"", ""Fabric""]]",,"Unofficial backport of Sodium for 1.15.2 and 1.16.1, intended for speedrunning. FOSS rendering engine replacement that greatly improves frame rates, reduces micro-stutter, and fixes graphical issues.",Client,Use mcsr-sodium-1.16.1/mcsr-sodium-mac-1.16.1/mcsr-sodium-1.15.2 instead,performance,1
FastChest,none,none,https://github.com/FakeDomi/FastChest,"[[""1.16.5"", ""Fabric""], [""1.16.4"", ""Fabric""], [""1.16.3"", ""Fabric""], [""1.16.2"", ""Fabric""], [""1.16.1"", ""Fabric""], [""1.16"", ""Fabric""], [""1.15.2"", ""Fabric""], [""1.15.1"", ""Fabric""], [""1.15"", ""Fabric""], [""1.18.2"", ""Fabric""], [""1.18.1"", ""Fabric""], [""1.18"", ""Fabric""], [""1.17.1"", ""Fabric""], [""1.17"", ""Fabric""], [""1.19.4"", ""Fabric""], [""1.19.3"", ""Fabric""], [""1.19.2"", ""Fabric""], [""1.19.1"", ""Fabric""], [""1.19"", ""Fabric""], [""1.20.1"", ""Fabric""], [""1.20"", ""Fabric""]]",,Removes dynamic models from chests and makes them render as static chunk geometry.,Client,,performance,
Hopper Optimizations,none,none,https://github.com/2No2Name/hopperOptimizations,"[[""1.16.5"", ""Fabric""], [""1.16.4"", ""Fabric""], [""1.16.3"", ""Fabric""], [""1.16.2"", ""Fabric""], [""1.16.1"", ""Fabric""], [""1.15.2"", ""Fabric""]]",,optimizes hoppers and their interactions with entities and inventories,Server,requires a custom fork of Lithium,performance,4
Tic-Tacs,none,none,https://github.com/Gegy/tic-tacs/,"[[""1.16.5"", ""Fabric""], [""1.16.4"", ""Fabric""], [""1.16.3"", ""Fabric""], [""1.16.2"", ""Fabric""]]",C2ME,experimental reimplementation of Minecraft's chunk loading engine,Server,Alpha,performance,2
VanillaFix (1.16),none,none,https://github.com/DimensionalDevelopment/VanillaFix,"[[""1.16.5"", ""Fabric""]]",,Improves performance and fixes bugs and annoyances in vanilla Minecraft,Both,beta,performance,4
CoreTweaks,none,none,https://github.com/makamys/CoreTweaks/,"[[""1.7.10"", ""Forge""]]",,Speeds up game startup,Either,,performance,
LWJGL3ify,none,none,https://github.com/GTNewHorizons/lwjgl3ify,"[[""1.7.10"", ""Forge""]]","Just Another Spawner, SoundPhysics","Allows 1.7.10 to run with the latest version of LWJGL3 and Java 17, 19 or 20",Both,"incompatible with many mods, has a custom installation method (check the README on Github) that only works on MultiMC/Prism",performance,3
Neodymium,none,none,https://github.com/makamys/Neodymium,"[[""1.7.10"", ""Forge""]]",CoFHTweaks,Reimplements chunk rendering with modern OpenGL,Client,https://github.com/makamys/Neodymium#incompatibilities,performance,4
PathfinderTweaks,none,none,https://github.com/HostileNetworks/OBSOLETE-ReignModpack/blob/master/mods/PathfinderTweaks-1.7.10-1.0.13.jar,"[[""1.7.10"", ""Forge""]]",,Modifies entities' pathfinding for better performance,Server,Coremod. See AI-Improvements#7 for a feature list,performance,4
SaltLib,none,none,https://github.com/DeexCoding/SaltLib,"[[""1.8.9"", ""Fabric""]]",,Unofficial backport of Sodium for 1.8.9,Client,,performance,3
Lithium (1.16.1),none,none,https://github.com/mrmangohands/lithium-fabric/,"[[""1.16.1"", ""Fabric""]]",,"Unofficial backport of Lithium for 1.16.1, intended for speedrunning. A general-purpose optimization mod which works to improve a number of systems without changing any behavior",Either,,performance,
Phosphor (1.16.1),none,none,https://github.com/mrmangohands/phosphor-fabric,"[[""1.16.1"", ""Fabric""]]",,"Unofficial backport of Phosphor for 1.16.1, intended for speedrunning. Optimizes the lighting engine",Either,,performance,
Krypton (1.16.1),none,none,https://github.com/mrmangohands/krypton,"[[""1.16.1"", ""Fabric""], [""1.16.2"", ""Fabric""], [""1.16.3"", ""Fabric""], [""1.15"", ""Fabric""], [""1.15.1"", ""Fabric""], [""1.15.2"", ""Fabric""], [""1.16"", ""Fabric""]]",,"Unofficial backport of Krypton for 1.16.1, intended for speedrunning. Implements a suite of optimizations focused on the Minecraft networking stack.",Either,,performance,
backport5160,none,none,https://github.com/makamys/minecraft-backport5160/tree/fix-ssp-stutter-release,"[[""1.7.10"", ""Forge""]]",,Improves entity ticking and position tracking,Both,Use CoreTweaks instead,performance,1
BetterCrashes,none,none,https://github.com/vfyjxf/BetterCrashes,"[[""1.7.10"", ""Forge""]]",,Backports VanillaFix's crash improvement features,Client,"If using Hodgepodge, turn off fixGuiGameOver in the config",utility,4
CrashGuard,none,none,https://github.com/FalsePattern/CrashGuard,"[[""1.7.10"", ""Forge""]]",,Backports VanillaFix's crash screen,Client,Use CoreTweaks instead,utility,1
LeafCulling,none,none,https://github.com/basdxz/LeafCulling,"[[""1.7.10"", ""Forge""]]",NotFine,"cancels the rendering of hidden leaf sides, similar to Optifine's Smart Leaves option",Client,,performance,
TcpNoDelayMod,none,none,https://github.com/prplz/TcpNoDelayMod,"[[""1.7.10"", ""Forge""], [""1.7.2"", ""Forge""], [""1.8"", ""Forge""]]",,reduces ingame latency by setting TCP_NODELAY to true,Either,Use CoreTweaks or Hodgepodge,performance,1
NotFine,none,none,https://github.com/jss2a98aj/NotFine,"[[""1.7.10"", ""Forge""]]",LeafCulling,Extra video settings for 1.7.10,Client,alpha,performance,3
Non Update,https://www.curseforge.com/minecraft/mc-mods/non-update,none,,,,Disable update checking for all mods to decrease launch time.,Client,"Breaks mods that need to connect to the internet to download files (e.g. Et Futurum Requiem, FalsePatternLib). Recommended to disable it for the first launch.",performance,3
DTools,none,none,https://github.com/makamys/DTools,"[[""1.7.10"", ""Forge""]]",,"Contains various utilities for debugging, benchmarking and testing.",Both,,utility,
Voyager,none,none,https://github.com/modmuss50/Voyager,"[[""1.16.5"", ""Fabric""], [""1.16.4"", ""Fabric""], [""1.16.3"", ""Fabric""], [""1.16.2"", ""Fabric""], [""1.16.1"", ""Fabric""], [""1.15.2"", ""Fabric""], [""1.15.1"", ""Fabric""], [""1.15"", ""Fabric""], [""1.14.4"", ""Fabric""], [""1.14.3"", ""Fabric""], [""1.14.2"",""Fabric""],[""1.14.1"",""Fabric""],[""1.14"",""Fabric""]]",,Fixes a rare CME (ConcurrentModificationException) when using Java 11+ (MC-149777),Server,fixed in Fabric API 0.26.2,bugfix,1
Sodium (mcsr-sodium-1.16.1),none,none,https://github.com/Minecraft-Java-Edition-Speedrunning/mcsr-sodium-1.16.1,"[[""1.16.1"", ""Fabric""]]",,"Unofficial backport of Sodium for 1.16.1, intended for speedrunning. FOSS rendering engine replacement that greatly improves frame rates, reduces micro-stutter, and fixes graphical issues.",Client,,performance,
Sodium (mcsr-sodium-mac-1.16.1),none,none,https://github.com/Minecraft-Java-Edition-Speedrunning/mcsr-sodium-mac-1.16.1,"[[""1.16.1"", ""Fabric""]]",,"Unofficial backport of Sodium for 1.16.1 on macOS, intended for speedrunning. FOSS rendering engine replacement that greatly improves frame rates, reduces micro-stutter, and fixes graphical issues.",Client,,performance,
LazyStronghold,none,none,https://github.com/Gregor0410/LazyStronghold/,"[[""1.16.1"", ""Fabric""], [""1.16.5"", ""Fabric""], [""1.14.4"", ""Fabric""], [""1.15.2"", ""Fabric""], [""1.17.1"", ""Fabric""]]",,Generates stronghold locations on a seperate thread to speed up world gen,Server,,performance,
SleepBackground,none,none,https://github.com/RedLime/SleepBackground/,"[[""1.7"",""Fabric""],[""1.7.1"",""Fabric""],[""1.7.2"",""Fabric""],[""1.7.3"",""Fabric""],[""1.7.4"",""Fabric""],[""1.7.5"",""Fabric""],[""1.7.6"",""Fabric""],[""1.7.8"",""Fabric""],[""1.7.9"",""Fabric""],[""1.7.10"",""Fabric""],[""1.8"",""Fabric""],[""1.8.1"",""Fabric""],[""1.8.2"",""Fabric""],[""1.8.3"",""Fabric""],[""1.8.4"",""Fabric""],[""1.8.5"",""Fabric""],[""1.8.6"",""Fabric""],[""1.8.7"",""Fabric""],[""1.8.8"",""Fabric""],[""1.8.9"",""Fabric""],[""1.9"",""Fabric""],[""1.9.1"",""Fabric""],[""1.9.2"",""Fabric""],[""1.9.3"",""Fabric""],[""1.9.4"",""Fabric""],[""1.10"",""Fabric""],[""1.10.1"",""Fabric""],[""1.10.2"",""Fabric""],[""1.11"",""Fabric""],[""1.11.1"",""Fabric""],[""1.11.2"",""Fabric""],[""1.12"",""Fabric""],[""1.12.1"",""Fabric""],[""1.12.2"",""Fabric""],[""1.13"",""Fabric""],[""1.13.1"",""Fabric""],[""1.13.2"",""Fabric""],[""1.14"",""Fabric""],[""1.14.1"",""Fabric""],[""1.14.2"",""Fabric""],[""1.14.3"",""Fabric""],[""1.14.4"",""Fabric""],[""1.15"",""Fabric""],[""1.15.1"",""Fabric""],[""1.15.2"",""Fabric""],[""1.16"",""Fabric""],[""1.16.1"",""Fabric""],[""1.16.2"",""Fabric""],[""1.16.3"",""Fabric""],[""1.16.4"",""Fabric""],[""1.16.5"",""Fabric""],[""1.17"",""Fabric""],[""1.17.1"",""Fabric""],[""1.18"",""Fabric""],[""1.18.1"",""Fabric""],[""1.18.2"",""Fabric""]]",,Improve performance when Minecraft is in the background with config,Client,,performance,
Stuff A Sock In It,https://www.curseforge.com/minecraft/mc-mods/stuff-a-sock-in-it,https://modrinth.com/mod/stuff-a-sock-in-it,,,,Allows you to remove annoying logs.,Either,"configuration needed, 1.10/1.11 versions are coremods",utility,
Shut Up Console,https://www.curseforge.com/minecraft/mc-mods/shut-up-console,,,,,Allows you to remove annoying logs.,Either,configuration needed,utility,
NoChatLag,https://www.curseforge.com/minecraft/mc-mods/nochatlag,https://modrinth.com/mod/nochatlag,,,,Fix lag spike every 2 minutes caused by WEB-5587,Client,,"performance,bugfix",
Starlight x Create,https://www.curseforge.com/minecraft/mc-mods/starlight-x-create,,,,,Fork of Starlight providing Create compatibility,Either,This is the only 1.16 Forge version of Starlight installable via Curseforge,performance,
Embeddium Extras,https://www.curseforge.com/minecraft/mc-mods/embeddium-extras,,,,,Fork of Mangesium/Rubidium Extras adding a few configuration options and removing some others.,Client,,performance,
Fix Selected Item Text,https://www.curseforge.com/minecraft/mc-mods/fix-selected-item-text,,,,,Automatically shifts tooltips upward if they are blocked by hotbar elements,Client,,bugfix,
FullStack Watchdog,https://www.curseforge.com/minecraft/mc-mods/fullstack-watchdog,https://modrinth.com/mod/fullstack-watchdog,,,,Shows full stack traces for all threads if watchdog kills the server due to deadlock,Server,,utility,
StackDeobfuscator,https://www.curseforge.com/minecraft/mc-mods/stackdeobf,https://modrinth.com/mod/stackdeobf,,,,Remaps names in stacktraces to readable mapped names,Either,,utility,
Entity NaN Health Fix,https://www.curseforge.com/minecraft/mc-mods/entity-nan-health-fix,,,,,Kills or restores entity with NaN health,Server,,bugfix,
NaN Health Fixer,https://www.curseforge.com/minecraft/mc-mods/nan-health-fixer,https://modrinth.com/mod/nan-health-fixer,,,,"Kills entities with NaN health, and prevents attacks with NaN damages from hurting entities",Server,,bugfix,
Amecs,https://www.curseforge.com/minecraft/mc-mods/amecs,https://modrinth.com/mod/amecs,,,,"Adds modifier keys, multi-functional keys, and a search bar on the controls screen.",Client,,utility,
Ctrl Q,https://www.curseforge.com/minecraft/mc-mods/ctrl-q,https://modrinth.com/mod/ctrl-q,,,,"Forces ""Ctrl+Q"" to drop a stack of items, bypaassing the macOS shortcut",Client,useless for non-macOS users,bugfix,
MacOS Input Fixes,https://www.curseforge.com/minecraft/mc-mods/macos-input-fixes,https://modrinth.com/mod/macos-input-fixes,,,,fixes multiple macOS input bugs.,Client,useless for non-macOS users,bugfix,
Title Fixer,https://www.curseforge.com/minecraft/mc-mods/title-fixer,https://modrinth.com/mod/title-fixer,,,Exordium,Ensures that titles always fit onscreen.,Client,,bugfix,
Bee Fix,https://www.curseforge.com/minecraft/mc-mods/bee-fix,none,,,,Fixes multiple bee-related bugs,Either,,"performance,bugfix",
Indium,https://www.curseforge.com/minecraft/mc-mods/indium,https://modrinth.com/mod/indium,,,,addon for Sodium that provides support for the Fabric Rendering API that is required by many mods that use advanced rendering effects,Client,,utility,
Smooth Boot (Forge),https://www.curseforge.com/minecraft/mc-mods/smooth-boot-forge,none,,,,Optimizes loading performance to be smoother on low end systems and scale better on high end systems.,Either,"caps the number of worker threads, so on CPUs with lots of cores it might make launching slower.",performance,4
Roughly Enough IDs,https://www.curseforge.com/minecraft/mc-mods/reid,https://modrinth.com/mod/reid,,,,"Fork of JustEnoughIDs with compatibility for additional mods. removes the block, item, biome, potion, and enchantment ID limits by using the 1.13 chunk format in 1.12.",Both,,bugfix,
AI Reducer,https://www.curseforge.com/minecraft/mc-mods/ai-reducer,,,,,reduces the lag from AI in modded environments.,Both,"On 1.16, only install this if you have a mod that increases max entity radius (Lycanites Mobs, Advanced Rocketry, Immersive Railroading, etc.); otherwise, it'll make it run slower.",performance,3
PerViamInvenire,https://www.curseforge.com/minecraft/mc-mods/perviaminvenire,,,,,Replaces vanilla ground mobs' pathfinder with a multi-threaded implementation.,Both,can be configured with a datapack to apply to modded mobs,performance,
Client Side Noteblocks,https://www.curseforge.com/minecraft/mc-mods/client-side-noteblocks,https://modrinth.com/mod/clientsidenoteblocks,,,,"Plays noteblock sounds on client side without needing to contact the server, reducing lag.",Client,,performance,
Better Beds Reforged,,https://modrinth.com/mod/better-beds-reforged,,,,Removes the Block Entity Renderer from the bed and replaces it with the default minecraft model renderer.,Client,,performance,
SmoothMenu Refabricated,none,https://modrinth.com/mod/smoothmenu-refabricated,,,,"Uncaps the 60 FPS limit in the main menu, increasing responsivity on high refresh monitors.",Client,may only be effective if you have a high refresh monitor,performance,
SmoothMenu,https://www.curseforge.com/minecraft/mc-mods/smoothmenu,none,,,,"Uncaps the 60 FPS limit in the main menu, increasing responsivity on high refresh monitors.",Client,may only be effective if you have a high refresh monitor,performance,
Axolotl Bucket Fix (Forge),https://www.curseforge.com/minecraft/mc-mods/axolotl-bucket-fix-forge,https://modrinth.com/mod/axolotl-bucket-fix-forge,,,,fixes axolotl buckets so that the item texture shows you what's actually inside it.,Client,,bugfix,
Cyanide (Forge),https://www.curseforge.com/minecraft/mc-mods/cyanide,https://modrinth.com/mod/cyanide,,,,Improves datapack error logging,Server,,utility,
Level Text Fix,https://www.curseforge.com/minecraft/mc-mods/level-text-fix,https://modrinth.com/mod/level-text-fix,,,,"Fix missing localization entries for enchantment and potion levels greater than 10, and add config option to switch them to Arabic numerals.",Both,,bugfix,
SkinPort,https://www.curseforge.com/minecraft/mc-mods/skinport,,,,,Adds rendering support for the new 1.8 skin format.,Both,,utility,
Netty-Patcher,,,https://github.com/draknyte1/Netty-Patcher,"[[""1.7.10"", ""Forge""]]",,Fixes MC-108343,Client,,bugfix,
TellMe,https://www.curseforge.com/minecraft/mc-mods/tellme,,,,,Has various commands for dumping technical information about the game.,Client Optional,,utility,
Anti Id Conflict,https://www.curseforge.com/minecraft/mc-mods/anti-id-conflict,,https://github.com/Elix-x/Anti-Id-Conflict/,,,Helps resolve ID conflicts by logging all ids and what they are occupied by.,Both,,utility,
CocoaInput,https://www.curseforge.com/minecraft/mc-mods/cocoainput,,,,,"Adds support for IME input methods (Japanese, Chinese, Korean)",Client,unnecessary unless you use one of the applicable languages,utility,
FastFurnace Minus Replacement,https://www.curseforge.com/minecraft/mc-mods/fastfurnace-minus-replacement,,,,,Rewrite of FastFurnance using mixins.,Server,unneeded now because the original mod has been rewritten using mixins,performance,1
FastWorkbench Minus Replacement,https://www.curseforge.com/minecraft/mc-mods/fastworkbench-minus-replacement,,,,,Rewrite of FastWorkbench using mixins,Server,unneeded now because the original mod has been rewritten using mixins,performance,1
Async Locator,https://www.curseforge.com/minecraft/mc-mods/async-locator,https://modrinth.com/mod/async-locator,,,,"Modifies vanilla behaviour when locating features (eg. /locate command, exploration maps, etc) to run asynchronously, mitigating associated lag.",Server,,performance,
Load My F***ing Tags,https://www.curseforge.com/minecraft/mc-mods/lmft,https://modrinth.com/mod/lmft,,,,Prevents incorrect tag entries from breaking an entire tag,Both,,bugfix,
Entity View Distance,https://www.curseforge.com/minecraft/mc-mods/entity-view-distance,https://modrinth.com/mod/entity-view-distance/,,,,allows you to modify the distance in which entities become visible,Either,already included in Sodium/Rubidium,performance,
Thaumic Speedup,https://www.curseforge.com/minecraft/mc-mods/thaumic-speedup,,,,,Offloads some Thaumcraft stuff to another thread,Both,,performance,
IC2 Patcher,https://www.curseforge.com/minecraft/mc-mods/ic2-patcher,,,,,Fixes several issues in IndustrialCraft 2,Both,,performance,
Console Filter,https://www.curseforge.com/minecraft/mc-mods/console-filter,,,,,Allows you to remove annoying logs.,Either,configuration needed,utility,
Keyboard Wizard,https://www.curseforge.com/minecraft/mc-mods/keyboard-wizard,,,,,Adds a keyboard GUI to help solve keybind conflicts,Client,,utility,
Mekanism Community Edition,https://www.curseforge.com/minecraft/mc-mods/mekanism-ce,,,,,Unofficial fork of Mekanism that adds bugfixes and optimizations,Both,,"performance,bugfix",
Mixin 0.7-0.8 Compatibility,https://www.curseforge.com/minecraft/mc-mods/mixin-0-7-0-8-compatibility,,,,,Fixes crashes if mods use different versions of Mixin,Both,,bugfix,
ThreadTweak,,https://modrinth.com/mod/threadtweak,,,,Improve and tweak Minecraft thread scheduling.,Either,,performance,
More Culling Extra,https://www.curseforge.com/minecraft/mc-mods/morecullingextra,https://modrinth.com/mod/morecullingextra,,,,Adds a few small culling optimizations.,Client,,performance,
Leaky,https://www.curseforge.com/minecraft/mc-mods/leaky,,,,,Detects farm setups leaking items which causes lag.,Client Optional,closed source,utility,
SerializationIsBad,https://www.curseforge.com/minecraft/mc-mods/serializationisbad,https://www.curseforge.com/minecraft/mc-mods/serializationisbad,,,,Patches the ObjectInputStream remote code execution vulnerability,Either,,bugfix,
fix GPU memory leak,https://www.curseforge.com/minecraft/mc-mods/fix-gpu-memory-leak,,,,,Fixes some GPU memory leak bugs,Client,closed source,bugfix,
Better chunk loading,https://www.curseforge.com/minecraft/mc-mods/better-chunk-loading-forge-fabric,,,,,Increases chunk loading speed and pre-loads chunks by predicting player movement,Server,"closed source; unknown effectiveness, need more info",performance,3
Client Crafting,https://www.curseforge.com/minecraft/mc-mods/client-crafting,,,,,Improves crafting UI responsiveness by no longer waiting for server reply,Client,closed source,performance,
Mixin In Heaven,https://www.curseforge.com/minecraft/mc-mods/mixin-in-heaven,,,,,Unofficial Forge port of MixinTrace. adds a list of mixins to classes in the stack trace of crash reports,Server,,utility,
Opotato,https://www.curseforge.com/minecraft/mc-mods/opotato,,,,,"Backports Alternate Current, Smooth Menu, MixinTrace and DEUF, and adds config options/bugfixes for a variety of other mods.",Both,"unknown effectiveness, more info needed","performance,bugfix",3
Redirectionor (Modern),https://www.curseforge.com/minecraft/mc-mods/redirectionor,,,,,Reduces memory usage by replacing references to element values in enum classes with public static final field values references.,Client Optional,,performance,4
Neruina,https://www.curseforge.com/minecraft/mc-mods/neruina,https://modrinth.com/mod/neruina,,,,Prevents ticking crashes from bricking worlds,Server,should only be used as a last resort,bugfix,3
ForgetMeChunk (Forge),https://www.curseforge.com/minecraft/mc-mods/forgetmechunk-forge,none,,,,Fixes the large lag spikes you sometimes get when crossing a chunk border,Client,causes a memory leak that is only reset by changing dimension or leaving the world,performance,3
Embeddium,https://www.curseforge.com/minecraft/mc-mods/embeddium,,,,"Magnesium, Optifine","Unofficial Forge port of Sodium with additional Forge-specific bugfixes. FOSS rendering engine replacement that greatly improves frame rates, reduces micro-stutter, and fixes graphical issues.",Client,incompatibilities with some mods,performance,4
Alfheim Lighting Engine,https://www.curseforge.com/minecraft/mc-mods/alfheim-lighting-engine,https://modrinth.com/mod/alfheim,,,"Phosphor, Hesperus",A fork of Hesperus with improved performance and more lighting bugfixes,Both,,"performance,bugfix",
Enhanced Block Entities,none,https://modrinth.com/mod/ebe-backforged,,,,"Aims to increase the performance of block entity rendering, as well as offer customizability via resource packs.",Client,requires Indium to be installed for compatibility with Sodium,performance,
Packet Fixer,https://www.curseforge.com/minecraft/mc-mods/packet-fixer,https://modrinth.com/mod/packet-fixer,,,,fixes various packets/NBTs errors,Both,,bugfix,
Not Enough Recipe Book,https://www.curseforge.com/minecraft/mc-mods/notenoughrecipebook,https://modrinth.com/mod/nerb,,,,"Completely removes recipe book from the game, improving player data reading speeds",Both,,performance,
Redirectionor (Retro),https://www.curseforge.com/minecraft/mc-mods/redirectionor-retro,,,,,Reduces memory usage by replacing references to element values in enum classes with public static final field values references.,Client Optional,,performance,4
ID Conflicts Viewer,https://www.curseforge.com/minecraft/mc-mods/idcv,https://modrinth.com/mod/idcv,,,,Helps resolve ID conflicts by logging all ids and what they are occupied by.,Either,,utility,
Entity Culling Unofficial,https://www.curseforge.com/minecraft/mc-mods/entityculling-unofficial,https://modrinth.com/mod/entitycullingunofficial,,,,Unofficial backport of Entity Culling to 1.7.10,Client,,performance,
Angelica,,,https://github.com/GTNewHorizons/Angelica,"[[""1.7.10"", ""Forge""]]","OptiFine, NotFine, Fastcraft, BetterFPS, Neodymium",OptiFine replacement for 1.7.10,Client,alpha,"performance,utility",4
Fast Async World Save,https://www.curseforge.com/minecraft/mc-mods/fast-async-world-save-forge-fabric,,,,,Makes data saved asynchronously during the intermittent world save every 5 minutes to prevent lag spikes.,Server,closed source,performance,
Recipe Essentials,https://www.curseforge.com/minecraft/mc-mods/recipe-essentials-forge-fabric,,,,,"Caches recipe lookups to prevent lag from autocrafting machines, etc and reduces size of the recipe packet to avoid size issues",Either,closed source,performance,
Phosphor Legacy Forge,,https://modrinth.com/mod/phosphorlegacyforge,,,,Unofficial backport of Phosphor to Forge 1.7.10,Client,,performance,
Phosphor Legacy,,https://modrinth.com/mod/phosphor-legacy,,,,Unofficial backport of Phosphor to Legacy Fabric 1.12.2 & 1.8.9,Client,,performance,